"순번","접종일","접종대상자","당일 1차접종자 수","1차접종 누계","1차접종률(%)","당일 2차접종자 수","2차접종 누계","2차접종률(%)","당일 3차접종자 수","3차접종 누계","3차접종률(%)","당일 4차접종자 수","4차접종 누계","4차접종률(%)","당일 동절기접종자 수","동절기접종 누계","동절기접종률(%)"
"677","(2023.08.20.~08.26.)","9445165","8","8365380","88.6","12","8290219","87.8","0","","","0","","","111","1249891","13.2"
"676","(2023.08.13.~08.19.)","9445879","7","8366009","88.6","8","8290843","87.8","0","","","0","","","81","1249756","13.2"
"675","(2023.08.06.~08.12.)","9445879","6","8366744","88.6","9","8291579","87.8","0","","","0","","","76","1249602","13.2"
"674","(2023.07.30.~08.05.)","9446658","18","8367637","88.6","21","8292458","87.8","0","","","0","","","147","1249289","13.2"
"673","(2023.07.23.~07.29.)","9449271","1","8370423","88.6","15","8295203","87.8","0","","","0","","","146","1249766","13.2"
"672","(2023.07.16.~07.22.)","9449671","2","8371046","88.6","7","8295809","87.8","0","","","0","","","110","1249513","13.2"
"671","(2023.07.09.~07.15.)","9449862","19","8371615","88.6","29","8296356","87.8","","","","","","","244","1249390","13.2"
"670","(2023.07.02.~07.08.)","9450189","27","8372308","88.6","17","8297031","87.8","","","","","","","250","1249327","13.2"
"669","(2023.06.25.~07.01.)","9451053","25","8373419","88.6","37","8298134","87.8","","","","","","","381","1249411","13.2"
"668","(2023.06.18.~06.24.)","9452767","26","8375852","88.6","31","8300522","87.8","","","","","","","450","1249516","13.2"
"667","(2023.06.11.~06.17.)","9453125","27","8375852","88.6","30","8300522","87.8","","","","","","","498","1249516","13.2"
"666","(2023.06.04.~06.10.)","9438303","23","8362519","88.6","47","8287327","87.8","","","","","","","482","1248773","13.2"
"665","(2023.06.04.~06.10.)","9438303","23","8362519","88.6","47","8287327","87.8","","","","","","","482","1248773","13.2"
"664","(2023.06.04.~06.10.)","9438303","23","8362519","88.6","47","8287327","87.8","0","6092248","64.6","0","1260217","13.4","482","1248773","13.2"
"663","(2023.05.28.~06.03.)","9439203","57","8363685","88.6","76","8288449","87.8","0","6092248","64.6","0","1260217","13.4","616","1248588","13.2"
"662","2023.06.02","9439485","8","8363973","88.6","12","8288726","87.8","0","6092248","64.6","0","1260217","13.4","111","1248563","13.2"
"661","2023.06.01","9439676","7","8364193","88.6","8","8288940","87.8","0","6092248","64.6","0","1260217","13.4","81","1248493","13.2"
"660","2023.05.30","9441799","18","8366463","88.6","21","8291166","87.8","0","6092248","64.6","0","1260217","13.4","147","1249006","13.2"
"659","2023.05.26","9441910","4","8366606","88.6","9","8291303","87.8","0","6092248","64.6","0","1260217","13.4","129","1248785","13.2"
"658","2023.05.25","9442024","1","8366709","88.6","15","8291399","87.8","0","6092248","64.6","0","1260217","13.4","146","1248659","13.2"
"657","2023.05.24","9442003","2","8366810","88.6","7","8291475","87.8","0","6092248","64.6","0","1260217","13.4","110","1248499","13.2"
"656","2023.05.23","9442009","4","8366909","88.6","4","8291574","87.8","0","6092248","64.6","0","1260217","13.4","92","1248393","13.2"
"655","2023.05.20","9442069","10","8367065","88.6","17","8291724","87.8","0","6092248","64.6","0","1260217","13.4","191","1248327","13.2"
"654","2023.05.19","9442181","5","8367200","88.6","12","8291843","87.8","0","6092248","64.6","0","1260217","13.4","155","1248136","13.2"
"653","2023.05.18","9442210","2","8367269","88.6","7","8291895","87.8","0","6092248","64.6","0","1260217","13.4","130","1247987","13.2"
"652","2023.05.17","9442251","7","8367393","88.6","14","8292008","87.8","0","6092248","64.6","0","1260217","13.4","105","1247861","13.2"
"651","2023.05.16","9442291","5","8367474","88.6","4","8292081","87.8","0","6092248","64.6","0","1260217","13.4","115","1247770","13.2"
"650","2023.05.15","9442383","6","8367675","88.6","22","8292285","87.8","0","6092248","64.6","0","1260217","13.4","208","1247683","13.2"
"649","2023.05.12","9442547","8","8367868","88.6","20","8292445","87.8","0","6092248","64.6","0","1260217","13.4","121","1247484","13.2"
"648","2023.05.11","9442707","7","8368044","88.6","9","8292603","87.8","0","6092248","64.6","0","1260217","13.4","132","1247392","13.2"
"647","2023.05.10","9442822","10","8368230","88.6","22","8292785","87.8","0","6092248","64.6","0","1260217","13.4","118","1247280","13.2"
"646","2023.05.09","9442961","5","8368411","88.6","16","8292947","87.8","0","6092248","64.6","0","1260217","13.4","111","1247197","13.2"
"645","2023.05.08","9443063","4","8368638","88.6","10","8293151","87.8","0","6092248","64.6","0","1260217","13.4","163","1247107","13.2"
"644","2023.05.07","9442996","24","8368556","88.6","41","8293062","87.8","0","6092248","64.6","0","1260217","13.4","298","1246933","13.2"
"643","2023.05.03","9443450","2","8369072","88.6","12","8293549","87.8","0","6092248","64.6","0","1260217","13.4","189","1246723","13.2"
"642","2023.05.02","9443676","8","8369331","88.6","19","8293787","87.8","0","6092248","64.6","0","1260217","13.4","188","1246551","13.2"
"641","2023.05.01","9443847","11","8369621","88.6","19","8294056","87.8","0","6092248","64.6","0","1260217","13.4","180","1246450","13.2"
"640","2023.04.30","9445501","41","8371261","88.6","74","8295662","87.8","0","6092248","64.6","0","1260217","13.4","719","1246794","13.2"
"639","2023.04.27","9445916","10","8371643","88.6","19","8296011","87.8","0","6092248","64.6","0","1260217","13.4","473","1246082","13.2"
"638","2023.04.26","9445979","17","8371744","88.6","15","8296093","87.8","0","6092248","64.6","0","1260217","13.4","399","1245548","13.2"
"637","2023.04.25","9446064","6","8371822","88.6","18","8296168","87.8","0","6092248","64.6","0","1260217","13.4","349","1245055","13.2"
"636","2023.04.24","9446130","17","8371965","88.6","20","8296297","87.8","0","6092248","64.6","0","1260217","13.4","454","1244624","13.2"
"635","2023.04.23","9446091","44","8371927","88.6","61","8296255","87.8","0","6092248","64.6","0","1260217","13.4","1199","6097444","13.2"
"634","2023.04.20","9446427","17","8372240","88.6","32","8296539","87.8","0","6092248","64.6","0","1260217","13.4","492","1242943","13.2"
"633","2023.04.19","9446773","22","8372336","88.6","37","8296638","87.8","0","6092248","64.6","0","1260217","13.4","435","1242382","13.1"
"632","2023.04.18","9447309","8","8372433","88.6","33","8296681","87.8","0","6092248","64.6","0","1260217","13.4","538","1241874","13.1"
"631","2023.04.17","9447367","10","8372603","88.6","12","8296816","87.8","0","6092248","64.6","0","1260217","13.4","613","1241254","13.1"
"630","2023.04.16","9447352","36","8372576","88.6","66","8296787","87.8","0","6092248","64.6","0","1260217","13.4","1614","1240620","13.1"
"629","2023.04.13","9447623","13","8372852","88.6","28","8297036","87.8","0","6092248","64.6","0","1260217","13.4","696","1238969","13.1"
"628","2023.04.12","9447777","20","8372994","88.6","26","8297158","87.8","0","6092248","64.6","0","1260217","13.4","650","1238159","13.1"
"627","2023.04.11","9435472","5","8362329","88.6","20","8286596","87.8","0","6092248","64.6","0","1260217","13.4","579","1237105","13.1"
"626","2023.04.10","9435587","13","8362534","88.6","22","8286778","87.8","0","6092248","64.6","0","1260217","13.4","810","1236393","13.1"
"625","2023.04.09","9435524","40","8362467","88.6","49","8286702","87.8","0","6092248","64.6","0","1260217","13.4","2427","1235561","13.1"
"624","2023.04.06","9428215","15","8355995","88.6","19","8280275","87.8","0","6088394","64.6","0","1260236","13.4","967","1232868","13.1"
"623","2023.04.05","9428421","19","8356201","88.6","32","8280478","87.8","0","6088551","64.6","0","1260319","13.4","754","1231797","13.1"
"622","2023.04.04","9428622","13","8356429","88.6","15","8280683","87.8","0","6088774","64.6","0","1260421","13.4","826","1230904","13.1"
"621","2023.04.03","9419093","6","8348045","88.6","10","8272402","87.8","0","6084099","64.6","0","1260412","13.4","996","1229690","13.1"
"620","2023.04.02","9419018","0","8347960","88.6","1","8272314","87.8","0","6084035","64.6","0","1260409","13.4","2321","1228669","13.0"
"619","2023.03.30","9421221","22","8350191","88.6","29","8274492","87.8","0","6085957","64.6","0","1261321","13.4","1040","1226694","13.0"
"618","2023.03.29","9421375","25","8350310","88.6","21","8274597","87.8","0","6086090","64.6","0","1261370","13.4","810","1225448","13.0"
"617","2023.03.28","9421440","17","8350373","88.6","32","8274657","87.8","0","6086147","64.6","0","1261395","13.4","888","1224306","13.0"
"616","2023.03.28","9421530","15","8350543","88.6","25","8274810","87.8","0","6086301","64.6","0","1261455","13.4","1091","1223180","13.0"
"615","2023.03.27","9421471","2","8350478","88.6","0","8274738","87.8","0","6086249","64.6","0","1261436","13.4","2575","1222049","13.0"
"614","2023.03.23","9421658","19","8350700","88.6","18","8274929","87.8","0","6086446","64.6","0","1261523","13.4","1017","1219230","12.9"
"613","2023.03.22","9421680","16","8350748","88.6","13","8274976","87.8","0","6086515","64.6","0","1261549","13.4","907","1217950","12.9"
"612","2023.03.21","9421862","20","8350817","88.6","18","8275041","87.8","0","6086577","64.6","0","1261565","13.4","991","1216818","12.9"
"611","2023.03.20","9421881","19","8350883","88.6","27","8275113","87.8","0","6086679","64.6","0","1261635","13.4","1158","1215634","12.9"
"610","2023.03.19","9421825","0","8350811","88.6","0","8275032","87.8","0","6086622","64.6","0","1261624","13.4","2611","1214449","12.9"
"609","2023.03.16","9422027","12","8351063","88.6","24","8275235","87.8","0","6086834","64.6","0","1261728","13.4","1194","1211708","12.9"
"608","2023.03.15","9422063","27","8351150","88.6","26","8275306","87.8","0","6086912","64.6","0","1261771","13.4","922","1210322","12.8"
"607","2023.03.14","9422151","25","8351237","88.6","11","8275390","87.8","0","6087012","64.6","0","1261837","13.4","1068","1209166","12.8"
"606","2023.03.13","9422228","12","8351411","88.6","17","8275572","87.8","0","6087173","64.6","0","1261910","13.4","1211","1207786","12.8"
"605","2023.03.12","9422165","1","8351340","88.6","0","8275495","87.8","0","6087119","64.6","0","1261894","13.4","2933","1206517","12.8"
"604","2023.03.09","9422470","21","8351615","88.6","25","8275747","87.8","0","6087412","64.6","0","1262032","13.4","1111","1203352","12.8"
"603","2023.03.08","9422598","26","8351788","88.6","31","8275909","87.8","0","6087567","64.6","0","1262085","13.4","1063","1202009","12.8"
"602","2023.03.07","9422791","35","8351991","88.6","32","8276095","87.8","0","6087754","64.6","0","1262166","13.4","1312","1200744","12.7"
"601","2023.03.06","9422998","21","8352227","88.6","22","8276335","87.8","0","6087993","64.6","0","1262284","13.4","1412","1199094","12.7"
"600","2023.03.05","9422934","0","8352140","88.6","0","8276246","87.8","0","6087930","64.6","0","1262269","13.4","3316","1197634","12.7"
"599","2023.03.02","9423543","33","8352752","88.6","54","8276795","87.8","0","6088480","64.6","0","1262508","13.4","1914","1194121","12.7"
"598","2023.03.01","9423460","2","8352625","88.6","2","8276645","87.8","0","6088403","64.6","0","1262486","13.4","2320","1192167","12.7"
"597","2023.02.27","9425472","78","8354599","88.6","77","8278587","87.8","0","6090149","64.6","0","1263327","13.4","1992","1189819","12.6"
"596","2023.02.26","9425367","0","8354445","88.6","0","8278429","87.8","0","6090080","64.6","0","1263311","13.4","3833","1187793","12.6"
"595","2023.02.23","9415255","105","8345564","88.6","97","8269618","87.8","0","6085106","64.6","0","1263269","13.4","1734","1183166","12.6"
"594","2023.02.22","9415283","74","8345496","88.6","60","8269554","87.8","0","6085129","64.6","0","1263280","13.4","1559","1181006","12.5"
"593","2023.02.21","9406623","42","8337806","88.6","30","8261989","87.8","0","6080729","64.6","0","1263198","13.4","1894","1179052","12.5"
"592","2023.02.20","9398799","22","8330908","88.6","41","8255205","87.8","0","6076954","64.7","0","1263177","13.4","2094","1176690","12.5"
"591","2023.02.19","9398755","0","8330826","88.6","0","8255105","87.8","0","6076912","64.7","0","1263161","13.4","73","1174516","12.5"
"590","2023.02.16","9388633","21","8321892","88.6","35","8246274","87.8","0","6071931","64.7","0","1263117","13.5","1927","1169367","12.5"
"589","2023.02.15","9380787","71","8315100","88.6","81","8239533","87.8","0","6068105","64.7","0","1263075","13.5","1727","1166833","12.4"
"588","2023.02.14","9374839","23","8309638","88.6","24","8234125","87.8","0","6065128","64.7","0","1263068","13.5","1789","1164413","12.4"
"587","2023.02.14","9367819","34","8303603","88.6","26","8228156","87.8","0","6061675","64.7","0","1263020","13.5","2551","1162110","12.4"
"586","2023.02.12","9367754","82","8303494","88.6","39","8228055","87.8","0","6061621","64.7","0","1263014","13.5","5474","1159492","12.4"
"585","2023.02.09","9361072","25","8297594","88.6","44","8222220","87.8","0","6058459","64.7","0","1263016","13.5","2874","1154018","12.3"
"584","2023.02.08","9361159","37","8297671","88.6","46","8222275","87.8","0","6058523","64.7","0","1263071","13.5","2559","1151088","12.3"
"583","2023.02.07","9361241","32","8297811","88.6","34","8222400","87.8","0","6058686","64.7","0","1263138","13.5","3083","1148457","12.3"
"582","2023.02.06","9361445","24","8298041","88.6","50","8222617","87.8","0","6058912","64.7","0","1263261","13.5","3400","1145287","12.2"
"581","2023.02.05","9361360","68","8297930","88.6","59","8222482","87.8","0","6058835","64.7","0","1263239","13.5","6913","1141816","12.2"
"580","2023.02.02","9361563","34","8298222","88.6","45","8222732","87.8","0","6059234","64.7","0","1263451","13.5","3433","1134903","12.1"
"579","2023.02.01","9361996","46","8298457","88.6","49","8222947","87.8","0","6059447","64.7","0","1263552","13.5","3207","1131390","12.1"
"578","2023.01.31","9361957","53","8298567","88.6","64","8223032","87.8","0","6060138","64.7","0","1264409","13.5","3918","1128423","12.1"
"577","2023.01.30","9361986","48","8298636","88.6","61","8223090","87.8","0","6060270","64.7","0","1264464","13.5","4535","1124386","12.0"
"576","2023.01.29","9361926","102","8298509","88.6","81","8222950","87.8","0","6060183","64.7","0","1264452","13.5","9127","1119817","12.0"
"575","2023.01.26","9361946","48","8298498","88.6","61","8222870","87.8","0","6060291","64.7","0","1264525","13.5","4177","1110690","11.9"
"574","2023.01.25","9361816","42","8298508","88.6","64","8222855","87.8","0","6060390","64.7","0","1264587","13.5","4635","1106346","11.8"
"573","2023.01.24","9361808","66","8298423","88.6","38","8222746","87.8","0","6060363","64.7","0","1264566","13.5","9321","1101623","11.8"
"572","2023.01.19","9361875","61","8298457","88.6","46","8222762","87.8","0","6060534","64.7","0","1264664","13.5","5830","1092302","11.7"
"571","2023.01.18","9361993","53","8298432","88.6","59","8222755","87.8","0","6060580","64.7","0","1264698","13.5","5370","1086305","11.6"
"570","2023.01.17","9362130","33","8298475","88.6","58","8222793","87.8","0","6060691","64.7","0","1264769","13.5","6222","1080751","11.5"
"569","2023.01.16","9362206","61","8298497","88.6","62","8222786","87.8","0","6060795","64.7","0","1264826","13.5","6594","1074264","11.5"
"568","2023.01.15","9362119","90","8298312","88.6","62","8222603","87.8","0","6060716","64.7","0","1264814","13.5","14610","1067583","11.4"
"567","2023.01.12","9362334","64","8298434","88.6","48","8222688","87.8","0","6060907","64.7","0","1264956","13.5","7733","1052973","11.2"
"566","2023.01.11","9362652","51","8298423","88.6","43","8222693","87.8","0","6061004","64.7","0","1265036","13.5","7148","1045057","11.2"
"565","2023.01.10","9362652","64","8298536","88.6","48","8222811","87.8","0","6061181","64.7","0","1265097","13.5","8717","1037709","11.1"
"564","2023.01.09","9362699","63","8298599","88.6","71","8222878","87.8","0","6061284","64.7","0","1265161","13.5","9383","1028892","11.0"
"563","2023.01.08","9362613","110","8298386","88.6","66","8222654","87.8","0","6061163","64.7","0","1265151","13.5","21857","1019445","10.9"
"562","2023.01.05","9363044","55","8298567","88.6","43","8222782","87.8","0","6061431","64.7","0","1265344","13.5","10914","997588","10.7"
"561","2023.01.04","9364089","45","8298657","88.6","55","8222882","87.8","0","6061592","64.7","0","1265440","13.5","10072","986392","10.5"
"560","2023.01.03","9364089","44","8298787","88.6","58","8222995","87.8","0","6061773","64.7","0","1265535","13.5","10832","976068","10.4"
"559","2023.01.02","9401888","29","8298886","88.3","49","8223069","87.5","0","6061940","64.5","0","1265662","13.5","9590","965061","10.3"
"558","2023.01.01","9401888","112","8338216","88.7","48","8260895","87.9","0","6091157","64.8","0","1273353","13.5","22480","955715","10.2"
"557","2022.12.29","9401888","43","8335489","88.7","48","8258197","87.8","0","6089807","64.8","0","1273516","13.5","11307","933235","9.9"
"556","2022.12.28","9401888","51","8335478","88.7","72","8258180","87.8","0","6089877","64.8","0","1273539","13.5","11332","921635","9.8"
"555","2022.12.27","9401888","57","8335415","88.7","50","8258094","87.8","0","6089892","64.8","0","1273543","13.5","13225","909906","9.7"
"554","2022.12.26","9401888","53","8335372","88.7","45","8258058","87.8","0","6089929","64.8","0","1273561","13.5","13610","896278","9.5"
"553","2022.12.25","9401888","46","8335181","88.7","47","8257874","87.8","0","6089814","64.8","0","1273538","13.5","22222","882569","9.4"
"552","2022.12.22","9401888","53","8335266","88.7","48","8257910","87.8","0","6089971","64.8","0","1273617","13.5","12281","860347","9.2"
"551","2022.12.21","9401888","37","8335263","88.7","41","8257907","87.8","0","6090040","64.8","0","1273633","13.5","11555","846881","9.0"
"550","2022.12.20","9401888","55","8335242","88.7","44","8257879","87.8","0","6090095","64.8","0","1273704","13.5","15179","833752","8.9"
"549","2022.12.19","9401888","55","8335204","88.7","47","8257842","87.8","0","6090145","64.8","0","1273758","13.5","13761","817569","8.7"
"548","2022.12.18","9401888","88","8335001","88.7","55","8257643","87.8","110","6090016","64.8","11","1273741","13.5","26347","803585","8.5"
"547","2022.12.15","9401888","35","8335095","88.7","59","8257706","87.8","216","6089869","64.8","32","1273743","13.5","12912","777238","8.3"
"546","2022.12.14","9401888","51","8335125","88.7","46","8257712","87.8","213","6089666","64.8","29","1273730","13.5","11897","763431","8.1"
"545","2022.12.13","9401888","64","8335116","88.7","46","8257713","87.8","210","6089514","64.8","52","1273729","13.5","15115","750084","8.0"
"544","2022.12.12","9401888","59","8335048","88.7","68","8257652","87.8","292","6089279","64.8","57","1273710","13.5","16253","733630","7.8"
"543","2022.12.11","9401888","102","8334849","88.7","55","8257453","87.8","456","6088877","64.8","29","1273637","13.5","32324","717162","7.6"
"542","2022.12.08","9401888","42","8334938","88.7","45","8257521","87.8","316","6088421","64.8","65","1273608","13.5","14944","684838","7.3"
"541","2022.12.07","9401888","44","8334879","88.7","46","8257450","87.8","260","6088082","64.8","83","1273528","13.5","15002","668559","7.1"
"540","2022.12.06","9401888","54","8334900","88.7","30","8257473","87.8","255","6087855","64.8","81","1273481","13.5","16571","651908","6.9"
"539","2022.12.05","9401888","41","8334978","88.7","64","8257575","87.8","426","6087708","64.7","94","1273452","13.5","16536","634074","6.7"
"538","2022.12.04","9401888","120","8334773","88.6","66","8257344","87.8","761","6087147","64.7","187","1273357","13.5","34786","617145","6.6"
"537","2022.12.01","9401888","43","8334830","88.7","45","8257403","87.8","342","6086386","64.7","134","1273170","13.5","16364","582359","6.2"
"536","2022.11.30","9401888","58","8334892","88.7","47","8257455","87.8","358","6086119","64.7","146","1273077","13.5","16072","564953","6.0"
"535","2022.11.29","9401888","50","8335020","88.7","34","8257595","87.8","448","6085929","64.7","180","1272989","13.5","16072","564953","6.0"
"534","2022.11.28","9401888","57","8334981","88.7","48","8257576","87.8","616","6085453","64.7","193","1272837","13.5","20261","527277","5.6"
"533","2022.11.27","9401888","124","8334722","88.7","59","8257328","87.8","980","6084658","64.7","485","1272591","13.5","42818","506818","5.4"
"532","2022.11.24","9401888","56","8334824","88.7","43","8257426","87.8","466","6083678","64.7","267","1272106","13.5","19871","464000","4.9"
"531","2022.11.23","9401888","48","8334935","88.7","54","8257555","87.8","449","6083357","64.7","264","1271882","13.5","18145","443690","4.7"
"530","2022.11.22","9401888","38","8335020","88.7","44","8257633","87.8","451","6082992","64.7","257","1271662","13.5","20909","425175","4.5"
"529","2022.11.21","9401888","59","8335052","88.7","50","8257644","87.8","582","6082542","64.7","314","1271389","13.5","19260","403937","4.3"
"528","2022.11.20","9401888","110","8334863","88.7","70","8257458","87.8","1072","6081856","64.7","731","1271046","13.5","40293","384527","4.1"
"527","2022.11.17","9401888","50","8335067","88.7","62","8257648","87.8","555","6080784","64.7","325","1270315","13.5","17070","344234","3.7"
"526","2022.11.16","9401888","43","8335167","88.7","50","8257727","87.8","402","6080318","64.7","348","1269984","13.5","17443","326909","3.5"
"525","2022.11.15","9401888","30","8335112","88.7","41","8257665","87.8","429","6079848","64.7","304","1269648","13.5","18112","309029","3.3"
"524","2022.11.14","9401888","47","8335209","88.7","37","8257750","87.8","630","6079526","64.7","373","1269401","13.5","19859","290640","3.1"
"523","2022.11.13","9401888","110","8335030","88.7","71","8257581","87.8","1028","6078763","64.7","838","1268991","13.5","21181","270673","2.9"
"522","2022.11.10","9401888","34","8335233","88.7","37","8257746","87.8","476","6077735","64.6","349","1268153","13.5","8090","249492","2.7"
"521","2022.11.09","9401888","31","8335199","88.7","58","8257713","87.8","454","6077230","64.6","338","1267822","13.5","7851","241203","2.6"
"520","2022.11.08","9401888","28","8335326","88.7","43","8257811","87.8","482","6076911","64.6","369","1267486","13.5","9103","233305","2.5"
"519","2022.11.07","9401888","43","8335466","88.7","50","8257937","87.8","655","6076577","64.6","389","1267170","13.5","10389","224057","2.4"
"518","2022.11.06","9401888","96","8335290","88.7","75","8257755","87.8","1022","6075805","64.6","1077","1266726","13.5","14885","213640","2.3"
"517","2022.11.03","9401888","36","8335752","88.7","49","8258153","87.8","597","6074783","64.6","559","1265649","13.5","6025","198755","2.1"
"516","2022.11.02","9401888","40","8335936","88.7","28","8258320","87.8","532","6074341","64.6","465","1265131","13.5","6509","192653","2.0"
"515","2022.11.01","9401888","25","8336104","88.7","40","8258490","87.8","559","6073894","64.6","454","1264679","13.5","7010","186024","2.0"
"514","2022.10.31","9401888","42","8336905","88.7","29","8259258","87.8","790","6073912","64.6","522","1264347","13.4","7694","178930","1.9"
"513","2022.10.30","9401888","138","8336734","88.7","83","8259098","87.8","1238","6073026","64.6","1502","1263792","13.4","22683","171182","1.8"
"512","2022.10.27","9401888","31","8336997","88.7","54","8259306","87.8","570","6071788","64.6","681","1262290","13.4","8723","148499","1.6"
"511","2022.10.26","9401888","39","8336876","88.7","47","8259148","87.8","567","6071054","64.6","645","1261598","13.4","8852","139635","1.5"
"510","2022.10.25","9401888","29","8337222","88.7","37","8259483","87.8","570","6070821","64.6","681","1260984","13.4","9301","130664","1.4"
"509","2022.10.24","9401888","49","8337616","88.7","55","8259854","87.9","812","6070594","64.6","692","1260364","13.4","","",""
"508","2022.10.24","9401888","49","8337616","88.7","55","8259854","87.9","812","6070594","64.6","692","1260364","13.4","","",""
"507","2022.10.23","9401888","32","8338515","88.7","47","8260664","87.9","552","6069099","64.6","683","1258152","13.4","","",""
"506","2022.10.20","9401888","32","8338515","88.7","47","8260664","87.9","552","6069099","64.6","683","1258152","13.4","","",""
"505","2022.10.19","9401888","39","8338846","88.7","51","8260980","87.9","486","6068784","64.5","634","1257464","13.4","","",""
"504","2022.10.18","9401888","45","8339139","88.7","43","8261246","87.9","559","6068525","64.5","670","1256912","13.4","","",""
"503","2022.10.17","9401888","36","8339301","88.7","64","8261411","87.9","573","6068104","64.5","600","1256305","13.4","","",""
"502","2022.10.16","9401888","60","8339705","88.7","103","8261777","87.9","925","6067840","64.5","1488","1255713","13.4","","",""
"501","2022.10.13","9401888","31","8339977","88.7","67","8261946","87.9","540","6066915","64.5","639","1254225","13.3","","",""
"500","2022.10.12","9401888","29","8340098","88.7","46","8262024","87.9","446","6066470","64.5","543","1253601","13.3","","",""
"499","2022.10.11","9401888","25","8340612","88.7","59","8262506","87.9","488","6066423","64.5","568","1253111","13.3","","",""
"498","2022.10.10","9401888","64","8340201","88.7","103","8262054","87.9","689","6065512","64.5","1973","1252410","13.3","","",""
"497","2022.10.06","9401888","31","8340995","88.7","72","8262726","87.9","426","6064823","64.5","821","1250437","13.3","","",""
"496","2022.10.05","9401888","35","8341102","88.7","67","8262788","87.9","450","6064480","64.5","774","1249608","13.3","","",""
"495","2022.10.04","9401888","31","8341073","88.7","69","8262728","87.9","456","6064064","64.5","756","1248848","13.3","","",""
"494","2022.10.03","9401888","55","8340786","88.7","119","8262405","87.9","846","6063366","64.5","2485","1247986","13.3","","",""
"493","2022.09.29","9401888","38","8340904","88.7","61","8262400","87.9","364","6062520","64.5","1066","1245501","13.2","","",""
"492","2022.09.28","9401888","41","8340808","88.7","67","8262283","87.9","327","6062108","64.5","1018","1244431","13.2","","",""
"491","2022.09.27","9401888","46","8340707","88.7","54","8262153","87.9","344","6061704","64.5","1066","1243380","13.2","","",""
"490","2022.09.26","9401888","34","8340670","88.7","61","8262106","87.9","480","6061418","64.5","1264","1242381","13.2","","",""
"489","2022.09.25","9401888","59","8340478","88.7","94","8261882","87.9","702","6060778","64.5","3294","1241076","13.2","","",""
"488","2022.09.22","9401888","31","8340629","88.7","71","8261924","87.9","340","6060076","64.5","1381","1237782","13.2","","",""
"487","2022.09.21","9401888","46","8340619","88.7","63","8261820","87.9","313","6059425","64.5","1438","1234961","13.2","","",""
"486","2022.09.20","9401888","48","8340594","88.7","63","8261820","87.9","361","6059425","64.4","1656","1234961","13.1","","",""
"485","2022.09.19","9401888","47","8340594","88.7","80","8261803","87.9","424","6059101","64.4","1894","1233277","13.1","","",""
"484","2022.09.18","9401888","70","8340437","88.7","185","8261615","87.9","884","6058568","64.4","5292","1231362","13.1","","",""
"483","2022.09.15","9401888","48","8340502","88.7","89","8261480","87.9","473","6057684","64.4","1950","1226070","13.0","","",""
"482","2022.09.14","9401888","60","8340483","88.7","93","8261426","87.9","412","6057235","64.4","1961","1224104","13.0","","",""
"481","2022.09.13","9401888","52","8340440","88.7","95","8261347","87.9","440","6056831","64.4","1699","1222141","13.0","","",""
"480","2022.09.12","9401888","18","8340297","88.7","17","8261157","87.9","96","6056311","64.4","266","1220415","13.0","","",""
"479","2022.09.07","9401888","65","8340294","88.7","82","8261145","87.9","486","6055570","64.4","2184","1217684","13.0","","",""
"478","2022.09.06","9401888","52","8340281","88.7","48","8261117","87.9","412","6055101","64.4","2201","1215470","12.9","","",""
"477","2022.09.05","9401888","50","8340319","88.7","39","8261154","87.9","495","6054723","64.4","2545","1213257","12.9","","",""
"476","2022.09.04","9401888","97","8340193","88.7","101","8261037","87.9","989","6054158","64.4","8492","1210639","12.9","","",""
"475","2022.09.01","9401888","55","8340208","88.7","64","8261030","87.9","486","6053169","64.4","3323","1202147","12.8","","",""
"474","2022.08.31","9401888","50","8340199","88.7","60","8261005","87.9","473","6052690","64.4","3833","1198795","12.8","","",""
"473","2022.08.30","9401888","44","8340240","88.7","48","8261028","87.9","437","6052290","64.4","4200","1194963","12.7","","",""
"472","2022.08.29","9401888","73","8340286","88.7","84","8261062","87.9","650","6051921","64.4","5091","1190711","12.7","","",""
"471","2022.08.28","9401888","127","8340107","88.7","117","8260876","87.9","1170","6051174","64.4","14755","1185563","12.6","","",""
"470","2022.08.25","9401888","57","8340121","88.7","71","8260923","87.9","587","6050004","64.3","5439","1170808","12.5","","",""
"469","2022.08.24","9401888","72","8340082","88.7","68","8260864","87.9","506","6049408","64.3","5590","1165344","12.4","","",""
"468","2022.08.23","9401888","75","8340040","88.7","60","8260830","87.9","556","6048896","64.3","6792","1159699","12.3","","",""
"467","2022.08.22","9401888","115","8340024","88.7","96","8260827","87.9","669","6048360","64.3","7898","1152870","12.3","","",""
"466","2022.08.21","9401888","188","8339837","88.7","132","8260661","87.9","1535","6047625","64.3","24571","1144936","12.2","","",""
"465","2022.08.18","9401888","89","8339819","88.7","82","8260737","87.9","690","6046090","64.3","9288","1120365","11.9","","",""
"464","2022.08.16","9401888","105","8339782","88.7","98","8260695","87.9","619","6044835","64.3","8389","1101507","11.7","","",""
"463","2022.08.15","9401888","128","8339540","88.7","140","8260467","87.9","998","6044106","64.3","17437","1092885","11.6","","",""
"462","2022.08.11","9401888","77","8339568","88.7","84","8260501","87.9","768","6042503","64.3","9890","1065091","11.3","","",""
"461","2022.08.10","9401888","93","8339538","88.7","103","8260457","87.9","729","6041757","64.3","10510","1055162","11.2","","",""
"460","2022.08.09","9401888","81","8339517","88.7","88","8260428","87.9","678","6041064","64.3","12083","1044488","11.1","","",""
"459","2022.08.08","9401888","93","8339526","88.7","94","8260431","87.9","806","6040457","64.2","14013","1032276","11.0","","",""
"458","2022.08.07","9401888","19","8339331","88.7","0","8260230","87.9","1787","6039576","64.2","40246","1018109","10.8","","",""
"457","2022.08.04","9401888","93","8339312","88.7","88","8260265","87.9","821","6037789","64.2","14015","977863","10.4","","",""
"456","2022.08.02","9401888","76","8339311","88.7","55","8260293","87.9","770","6036392","64.2","16960","948331","10.1","","",""
"455","2022.08.01","9401888","103","8339305","88.7","123","8260298","87.9","881","6035683","64.2","18707","931114","9.9","","",""
"454","2022.07.31","9401888","104","8339047","88.7","156","8260018","87.9","1599","6034660","64.2","24394","912266","9.7","","",""
"453","2022.07.28","9401888","101","8338943","88.7","103","8259862","87.9","741","6033061","64.2","8544","887872","9.4","","",""
"452","2022.07.27","9401888","79","8338897","88.7","75","8259805","87.9","715","6032357","64.2","9730","879158","9.4","","",""
"451","2022.07.26","9401888","86","8338877","88.7","78","8259788","87.9","815","6031672","64.2","11425","869344","9.2","","",""
"450","2022.07.25","9401888","130","8338815","88.7","104","8259734","87.9","1106","6030846","64.1","13525","857629","9.1","","",""
"449","2022.07.24","9401888","208","8338554","88.7","156","8259495","87.8","2595","6029646","64.1","39193","843998","9.0","","",""
"448","2022.07.21","9401888","114","8338346","88.7","102","8259339","87.8","1053","6027051","64.1","13875","804805","8.6","","",""
"447","2022.07.20","9401888","114","8338216","88.7","93","8259214","87.8","913","6025966","64.1","12639","790743","8.4","","",""
"446","2022.07.17","9401888","111","8337765","88.7","226","8258772","87.8","1643","6023021","64.1","12933","753906","8.0","","",""
"445","2022.07.14","9401888","72","8337654","88.7","93","8258546","87.8","693","6021378","64.0","4063","740973","7.9","","",""
"444","2022.07.13","9401888","65","8337520","88.7","81","8258393","87.8","535","6020628","64.0","3010","736892","7.8","","",""
"443","2022.07.12","9401888","72","8337435","88.7","77","8258295","87.8","485","6020066","64.0","2958","733832","7.8","","",""
"442","2022.07.11","9401888","100","8337334","88.7","122","8258192","87.8","652","6019526","64.0","2572","730838","7.8","","",""
"441","2022.07.10","9401888","200","8337093","88.7","417","8257924","87.8","1268","6018768","64.0","6066","728198","7.7","","",""
"440","2022.07.07","9401888","54","8336893","88.7","96","8257507","87.8","399","6017500","64.0","1745","722132","7.7","","",""
"439","2022.07.06","9401888","51","8336866","88.7","104","8257428","87.8","429","6017103","64.0","1711","720383","7.7","","",""
"438","2022.07.05","9401888","47","8336835","88.7","108","8257343","87.8","332","6016674","64.0","1453","718636","7.6","","",""
"437","2022.07.04","9401888","58","8336781","88.7","115","8257223","87.8","455","6016335","64.0","1251","717163","7.6","","",""
"436","2022.07.03","9401888","20","8336619","88.7","288","8257000","87.8","758","6015770","64.0","3125","715890","7.6","","",""
"435","2022.06.30","9401888","58","8336599","88.7","76","8256712","87.8","370","6015012","64.0","1239","712765","7.6","","",""
"434","2022.06.29","9401888","63","8336537","88.7","104","8256635","87.8","321","6014618","64.0","1181","711536","7.6","","",""
"433","2022.06.28","9401888","31","8336431","88.7","100","8256487","87.8","350","6014242","64.0","1274","710326","7.6","","",""
"432","2022.06.27","9401888","63","8336511","88.7","113","8256482","87.8","501","6013962","64.0","1373","709063","7.5","","",""
"431","2022.06.26","9401888","0","8336292","88.7","0","8256213","87.8","5","6013317","64.0","8","707636","7.5","","",""
"430","2022.06.23","9401888","57","8336198","88.7","102","8255634","87.8","385","6012463","63.9","1184","704005","7.5","","",""
"429","2022.06.22","9401888","65","8336125","88.7","92","8255521","87.8","368","6012058","63.9","1229","702732","7.5","","",""
"428","2022.06.21","9401888","54","8336080","88.7","110","8255449","87.8","366","6011692","63.9","1251","701481","7.5","","",""
"427","2022.06.20","9401888","57","8336021","88.7","156","8255321","87.8","466","6011282","63.9","1330","700209","7.4","","",""
"426","2022.06.19","9401888","0","8335816","88.7","3","8255018","87.8","7","6010679","63.9","11","698860","7.4","","",""
"425","2022.06.18","9401888","45","8335866","88.7","218","8255063","87.8","266","6010707","63.9","723","698847","7.4","","",""
"424","2022.06.17","9401888","92","8335881","88.7","433","8254841","87.8","711","6010431","63.9","2812","697977","7.4","","",""
"423","2022.06.16","9401888","67","8335757","88.7","160","8254373","87.8","457","6009662","63.9","1333","695141","7.4","","",""
"422","2022.06.15","9401888","61","8335659","88.7","131","8254182","87.8","487","6009176","63.9","1800","693770","7.4","","",""
"421","2022.06.14","9401888","69","8335613","88.7","115","8254071","87.8","408","6008662","63.9","1747","691949","7.4","","",""
"420","2022.06.13","9401888","73","8335637","88.7","163","8254039","87.8","595","6008333","63.9","1932","690210","7.3","","",""
"419","2022.06.12","9401888","0","8335411","88.7","1","8253719","87.8","6","6007621","63.9","18","688232","7.3","","",""
"418","2022.06.11","9401888","74","8335455","88.7","305","8253761","87.8","343","6007649","63.9","1140","688218","7.3","","",""
"417","2022.06.10","9401888","145","8335477","88.7","735","8253506","87.8","920","6007373","63.9","4532","687042","7.3","","",""
"416","2022.06.09","9401888","67","8335300","88.7","194","8252594","87.8","567","6005922","63.9","2878","680311","7.2","","",""
"415","2022.06.08","9401888","67","8335300","88.7","194","8252594","87.8","567","6005922","63.9","2878","680311","7.2","","",""
"414","2022.06.07","9401888","78","8335185","88.7","166","8252348","87.8","609","6005286","63.9","2428","677405","7.2","","",""
"413","2022.06.06","9401888","11","8334938","88.7","11","8252006","87.8","69","6004516","63.9","59","674944","7.2","","",""
"412","2022.06.05","9401888","2","8334931","88.7","1","8251998","87.8","16","6004451","63.9","19","674885","7.2","","",""
"411","2022.06.04","9401888","95","8334950","88.7","395","8252019","87.8","458","6004443","63.9","1813","674867","7.2","","",""
"410","2022.06.03","9401888","201","8334976","88.6","980","8251703","87.8","1369","6004048","63.9","7099","673002","7.2","","",""
"409","2022.06.02","9401888","86","8334711","88.6","225","8250652","87.8","1112","6002601","63.8","2910","665892","7.1","","",""
"408","2022.06.01","9401888","17","8334526","88.6","62","8250338","87.8","188","6001417","63.8","437","662961","7.1","","",""
"407","2022.05.31","9401888","127","8334592","88.6","230","8250366","87.8","882","6001262","63.8","4692","662522","7.0","","",""
"406","2022.05.30","9401888","107","8334531","88.6","250","8250198","87.8","1211","6000405","63.8","4841","657787","7.0","","",""
"405","2022.05.29","9401888","2","8334316","88.6","7","8249840","87.7","22","5999088","63.8","55","652862","6.9","","",""
"404","2022.05.28","9401888","112","8334349","88.6","502","8249867","87.7","562","5999093","63.8","2963","652797","6.9","","",""
"403","2022.05.27","9401888","233","8334314","88.6","1039","8249405","87.7","1458","5998521","63.8","11765","649769","6.9","","",""
"402","2022.05.26","9401888","107","8334050","88.6","285","8248339","87.7","957","5997006","63.8","5525","637933","6.8","","",""
"401","2022.05.25","9401888","95","8333936","88.6","159","8248045","87.7","847","5996023","63.8","5976","632281","6.7","","",""
"400","2022.05.24","9401888","93","8333819","88.6","113","8247865","87.7","841","5995131","63.8","7084","626185","6.7","","",""
"399","2022.05.23","9401888","110","8333722","88.6","145","8247753","87.7","1196","5994227","63.8","6641","619058","6.6","","",""
"398","2022.05.22","9401888","2","8333483","88.6","2","8247474","87.7","15","5992946","63.7","44","612363","6.5","","",""
"397","2022.05.21","9401888","118","8333511","88.6","126","8247502","87.7","645","5992941","63.7","3749","612318","6.5","","",""
"396","2022.05.20","9401888","210","8333313","88.6","355","8247133","87.7","1638","5990634","63.7","15581","592735","6.5","","",""
"395","2022.05.19","9401888","112","8333313","88.6","140","8247133","87.7","1072","5990634","63.7","7454","592735","6.3","","",""
"394","2022.05.18","9401888","106","8333211","88.6","127","8247005","87.7","995","5989537","63.7","7877","585182","6.2","","",""
"393","2022.05.17","9401888","91","8333134","88.6","105","8246916","87.7","984","5988476","63.7","9873","577222","6.1","","",""
"392","2022.05.16","9401888","127","8333032","88.6","154","8246798","87.7","1283","5987439","63.7","9400","567245","6.0","","",""
"391","2022.05.15","9401888","6","8332818","88.6","1","8246547","87.7","16","5986064","63.7","86","557798","5.9","","",""
"390","2022.05.14","9401888","170","8332868","88.6","150","8246606","87.7","702","5986097","63.7","6018","557702","5.9","","",""
"389","2022.05.13","9401888","236","8332780","88.6","311","8246536","87.7","1694","5985314","63.7","23392","550834","5.9","","",""
"388","2022.05.12","9401888","100","8332525","88.6","161","8246202","87.7","1312","5983607","63.6","13083","527311","5.6","","",""
"387","2022.05.11","9401888","105","8332472","88.6","159","8246079","87.7","1271","5982236","63.6","13643","514131","5.5","","",""
"386","2022.05.10","9401888","131","8332404","88.6","135","8245952","87.7","1239","5980938","63.6","17227","500337","5.3","","",""
"385","2022.05.09","9401888","145","8332294","88.6","174","8245835","87.7","1805","5979751","63.6","16048","482950","5.1","","",""
"384","2022.05.08","9401888","1","8332038","88.6","0","8245540","87.7","20","5977804","63.6","88","466848","5.0","","",""
"383","2022.05.07","9401888","116","8332055","88.6","137","8245562","87.7","814","5977788","63.6","8479","466725","5.0","","",""
"382","2022.05.06","9401888","350","8332068","88.6","471","8245547","87.7","2883","5977009","63.6","38154","458021","4.9","","",""
"381","2022.05.05","9401888","9","8331631","88.6","8","8244991","87.7","101","5973960","63.5","523","419713","4.5","","",""
"380","2022.05.04","9401888","161","8331737","88.6","170","8245101","87.7","1550","5973891","63.5","21656","419007","4.5","","",""
"379","2022.05.03","9401888","126","8331636","88.6","169","8244988","87.7","1686","5972363","63.5","25756","397248","4.2","","",""
"378","2022.05.02","9401888","183","8331595","88.6","181","8244906","87.7","1977","5970770","63.5","26727","371260","3.9","","",""
"377","2022.05.01","9401888","2","8331231","88.6","0","8244535","87.7","20","5968640","63.5","200","344439","3.7","","",""
"376","2022.04.30","9401888","238","8331269","88.6","214","8244567","87.7","1085","5968636","63.5","14940","344216","3.7","","",""
"375","2022.04.29","9401888","480","8331247","88.6","554","8244585","87.7","3081","5967685","63.5","62443","328997","3.5","","",""
"374","2022.04.28","9401888","159","8330802","88.6","269","8244064","87.7","1840","5964584","63.4","32157","266484","2.8","","",""
"373","2022.04.27","9401888","157","8330624","88.6","188","8243775","87.7","1419","5962660","63.4","33440","233955","2.5","","",""
"372","2022.04.26","9401888","173","8330488","88.6","182","8243603","87.7","1346","5961216","63.4","35756","200262","2.1","","",""
"371","2022.04.25","9401888","176","8330302","88.6","227","8243405","87.7","1804","5959796","63.4","36464","164120","1.7","","",""
"370","2022.04.24","9401888","3","8330042","88.6","2","8243081","87.7","28","5957880","63.4","118","127583","1.4","","",""
"369","2022.04.23","9401888","238","8330038","88.6","226","8243076","87.7","1011","5957849","63.4","6014","127461","1.4","","",""
"368","2022.04.22","9401888","593","8329882","88.6","651","8242947","87.7","3092","5956856","63.4","21899","121233","1.3","","",""
"367","2022.04.21","9401888","182","8329265","88.6","248","8242260","87.7","1969","5953671","63.3","9984","99242","1.1","","",""
"366","2022.04.20","9401888","145","8329133","88.6","170","8242054","87.7","1493","5951748","63.3","9169","89153","0.9","","",""
"365","2022.04.19","9401888","112","8328950","88.6","153","8241849","87.7","1161","5950191","63.3","9013","79927","0.9","","",""
"364","2022.04.18","9401888","135","8328836","88.6","208","8241677","87.7","1726","5948932","63.3","8902","70771","0.8","","",""
"363","2022.04.17","9401888","13","8328542","88.6","2","8241304","87.7","22","5947048","63.3","45","61818","0.7","","",""
"362","2022.04.16","9401888","323","8328527","88.6","211","8241299","87.7","1367","5947011","63.3","3017","61766","0.7","","",""
"361","2022.04.15","9401888","890","8328244","88.6","551","8241161","87.7","4441","5945600","63.2","11703","58588","0.6","","",""
"360","2022.04.14","9401888","202","8327332","88.6","246","8240577","87.6","2824","5941025","63.2","5800","46757","0.5","","",""
"359","2022.04.13","9401888","215","8327086","88.6","246","8240282","87.6","1985","5938166","63.2","594","40919","0.4","","",""
"358","2022.04.12","9401888","205","8326839","88.6","233","8239992","87.6","1683","5936113","63.1","463","40252","0.4","","",""
"357","2022.04.11","9401888","205","8326661","88.6","305","8239777","87.6","2495","5934373","63.1","415","39776","0.4","","",""
"356","2022.04.10","9401888","7","8326293","88.6","4","8239309","87.6","25","5931686","63.1","3","39306","0.4","","",""
"355","2022.04.09","9401888","591","8326302","88.6","228","8239316","87.6","1942","5931671","63.1","234","39303","0.4","","",""
"354","2022.04.08","9401888","1251","8325785","88.6","722","8239177","87.6","5435","5929669","63.1","1085","39012","0.4","","",""
"353","2022.04.07","9401888","337","8324499","88.5","341","8238419","87.6","3614","5924087","63.0","703","37878","0.4","","",""
"352","2022.04.06","9401888","320","8324108","88.5","259","8238015","87.6","2670","5920198","63.0","520","37100","0.4","","",""
"351","2022.04.05","9401888","332","8323745","88.5","275","8237703","87.6","2233","5917434","62.9","563","36496","0.4","","",""
"350","2022.04.04","9401888","457","8323397","88.5","504","8237412","87.6","3869","5915191","62.9","548","35891","0.4","","",""
"349","2022.04.03","9401888","11","8322696","88.5","7","8236668","87.6","66","5911055","62.9","8","35305","0.4","","",""
"348","2022.04.02","9401888","966","8322699","88.5","394","8236677","87.6","3175","5910991","62.9","281","35289","0.4","","",""
"347","2022.04.01","9401888","1615","8321849","88.5","945","8236414","87.6","6870","5907750","62.8","1027","34952","0.4","","",""
"346","2022.03.31","9401888","685","8320098","88.5","597","8235332","87.6","5323","5900668","62.8","849","33828","0.4","","",""
"345","2022.03.30","9401888","188","8318960","88.5","220","8234280","87.6","3966","5895152","62.7","881","32915","0.4","","",""
"344","2022.03.29","9401888","243","8318728","88.5","581","8234002","87.6","3581","5891093","62.7","867","31991","0.3","","",""
"343","2022.03.28","9401888","290","8318484","88.5","849","8233412","87.6","6606","5887380","62.6","734","31037","0.3","","",""
"342","2022.03.27","9401888","4","8317913","88.5","1","8232275","87.6","84","5880451","62.5","5","30218","0.3","","",""
"341","2022.03.26","9401888","242","8317917","88.5","184","8232282","87.6","5366","5880375","62.5","307","30216","0.3","","",""
"340","2022.03.25","9401888","563","8317759","88.5","453","8232164","87.6","11536","5874719","62.5","1539","29829","0.3","","",""
"339","2022.03.24","9401888","297","8317068","88.5","316","8231572","87.6","7240","5862830","62.4","892","28054","0.3","","",""
"338","2022.03.23","9401888","278","8316674","88.5","202","8231149","87.5","5127","5855356","62.3","1031","27064","0.3","","",""
"337","2022.03.22","9401888","302","8316319","88.5","208","8230867","87.5","5003","5850029","62.2","975","25760","0.3","","",""
"336","2022.03.21","9401888","415","8315994","88.5","362","8230612","87.5","8570","5844830","62.2","1037","24671","0.3","","",""
"335","2022.03.20","9401888","5","8315191","88.4","4","8229855","87.5","108","5835830","62.1","3","23400","0.2","","",""
"334","2022.03.19","9401888","356","8315182","88.4","324","8229848","87.5","5192","5835718","62.1","343","23396","0.2","","",""
"333","2022.03.18","9401888","807","8314802","88.4","917","8229479","87.5","13602","5830011","62.0","2004","22944","0.2","","",""
"332","2022.03.17","9401888","459","8313864","88.4","519","8228431","87.5","8497","5816025","61.9","1186","20739","0.2","","",""
"331","2022.03.16","9401888","372","8313346","88.4","330","8227846","87.5","5556","5807312","61.8","1506","19227","0.2","","",""
"330","2022.03.15","9401888","383","8313033","88.4","562","8227560","87.5","5754","5801689","61.7","1367","17539","0.2","","",""
"329","2022.03.14","9401888","637","8312602","88.4","831","8226915","87.5","8779","5795463","61.6","","","","","",""
"328","2022.03.13","9401888","17","8311681","88.4","4","8225811","87.5","113","5786401","61.5","","","","","",""
"327","2022.03.12","9401888","660","8311680","88.4","758","8225806","87.5","6231","5786263","61.5","","","","","",""
"326","2022.03.11","9401888","1410","8311183","88.4","2126","8225143","87.5","14801","5779624","61.5","","","","","",""
"325","2022.03.10","9401888","902","8309642","88.4","1074","8222838","87.5","11344","5764351","61.3","","","","","",""
"324","2022.03.09","9401888","216","8308610","88.4","233","8221622","87.4","1709","5752834","61.2","","","","","",""
"323","2022.03.08","9401888","953","8308532","88.4","792","8221482","87.4","7167","5751012","61.2","","","","","",""
"322","2022.03.07","9401888","1314","8307458","88.4","1038","8220552","87.4","12388","5743430","61.1","","","","","",""
"321","2022.03.06","9401888","8","8305935","88.3","31","8219297","87.4","308","5730846","61.0","","","","","",""
"320","2022.03.05","9401888","345","8305965","88.3","802","8219305","87.4","9067","5730542","61.0","","","","","",""
"319","2022.03.04","9401888","508","8305659","88.3","1057","8218519","87.4","18116","5720977","60.8","","","","","",""
"318","2022.03.03","9401888","316","8305075","88.3","621","8217373","87.4","12679","5702479","60.7","","","","","",""
"317","2022.03.02","9401888","377","8304717","88.3","758","8216720","87.4","11710","5689522","60.5","","","","","",""
"316","2022.03.01","9401888","36","8304050","88.3","45","8215669","87.4","871","5677586","60.4","","","","","",""
"315","2022.02.28","9401888","883","8304160","88.3","1341","8215764","87.4","27167","5676167","60.4","","","","","",""
"314","2022.02.27","9401888","38","8302038","88.3","76","8213179","87.4","1132","5648066","60.1","","","","","",""
"313","2022.02.26","9401888","788","8301125","88.3","1315","8211655","87.4","20363","5625369","60.1","","","","","",""
"312","2022.02.25","9401888","1390","8301125","88.3","2021","8211655","87.3","38588","5625369","59.8","","","","","",""
"311","2022.02.24","9401888","1088","8298829","88.3","1458","8208694","87.3","27103","5585486","59.4","","","","","",""
"310","2022.02.23","9401888","929","8296984","88.2","570","8206487","87.3","18726","5557354","59.1","","","","","",""
"309","2022.02.22","9401888","1035","8295316","88.2","628","8205164","87.3","19615","5537716","58.9","","","","","",""
"308","2022.02.21","9401888","1361","8293370","88.2","860","8203591","87.3","27871","5516838","58.7","","","","","",""
"307","2022.02.20","9401888","50","8290271","88.2","100","8201009","87.2","1141","5487454","58.4","","","","","",""
"306","2022.02.19","9401888","947","8290235","88.2","1491","8200926","87.2","21487","5486288","58.4","","","","","",""
"305","2022.02.18","9401888","1866","8289344","88.2","2165","8199492","87.2","40035","5463813","58.1","","","","","",""
"304","2022.02.17","9401888","1556","8286542","88.1","1495","8196392","87.2","30743","5422466","57.7","","","","","",""
"303","2022.02.16","9401888","1505","8284326","88.1","1456","8194196","87.2","21531","5390726","57.3","","","","","",""
"302","2022.02.15","9401888","1671","8282313","88.1","1555","8192213","87.1","23009","5368483","57.1","","","","","",""
"301","2022.02.14","9401888","1882","8280188","88.1","1977","8190187","87.1","32816","5344675","56.8","","","","","",""
"300","2022.02.13","9401888","47","8276991","88.0","83","8186884","87.1","1334","5309465","56.5","","","","","",""
"299","2022.02.12","9401888","865","8276966","88.0","1772","8186815","87.1","26787","5308110","56.5","","","","","",""
"298","2022.02.11","9401888","1189","8276266","88.0","2819","8185167","87.1","49613","5280142","56.2","","","","","",""
"297","2022.02.10","9401888","883","8274476","88.0","1879","8181700","87.0","36839","5229417","55.6","","","","","",""
"296","2022.02.09","9401888","845","8273308","88.0","1839","8179500","87.0","25347","5192005","55.2","","","","","",""
"295","2022.02.08","9401888","906","8272128","88.0","2198","8177290","87.0","27829","5165994","54.9","","","","","",""
"294","2022.02.07","9401888","1276","8270822","88.0","3241","8174675","86.9","43285","5137756","54.6","","","","","",""
"293","2022.02.06","9401888","77","8268394","87.9","142","8170256","86.9","2250","5093656","54.2","","","","","",""
"292","2022.02.05","9401888","1173","8268364","87.9","2736","8170148","86.9","34111","5091419","54.2","","","","","",""
"291","2022.02.04","9401888","1866","8267281","87.9","5306","8167419","86.9","59849","5055856","53.8","","","","","",""
"290","2022.02.03","9401888","1749","8264286","87.9","7135","8160859","86.8","58392","4994356","53.1","","","","","",""
"289","2022.02.02","9401888","87","8261034","87.9","141","8152209","86.7","2610","4934581","52.5","","","","","",""
"288","2022.02.01","9401888","29","8260929","87.9","40","8152051","86.7","790","4931878","52.5","","","","","",""
"287","2022.01.31","9401888","121","8260854","87.9","185","8151966","86.7","4514","4931033","52.4","","","","","",""
"286","2022.01.30","9401888","123","8260674","87.9","213","8151708","86.7","4483","4926122","52.4","","","","","",""
"285","2022.01.29","9401888","1379","8260439","87.9","3720","8151371","86.7","58784","4921495","52.3","","","","","",""
"284","2022.01.28","9401888","1985","8259078","87.8","5414","8147564","86.7","87893","4860585","51.7","","","","","",""
"283","2022.01.27","9401888","1401","8256582","87.8","3632","8141573","86.6","59051","4771448","50.7","","","","","",""
"282","2022.01.26","9401888","1325","8254731","87.8","3566","8137405","86.6","45468","4711323","50.1","","","","","",""
"281","2022.01.25","9401888","1252","8253058","87.8","4409","8133400","86.5","42318","4665071","49.6","","","","","",""
"280","2022.01.24","9401888","1669","8251502","87.8","6128","8128558","86.5","52910","4622026","49.2","","","","","",""
"279","2022.01.23","9401888","86","8248713","87.7","313","8121284","86.4","2235","4568382","48.6","","","","","",""
"278","2022.01.22","9401888","1409","8248700","87.7","2799","8121039","86.4","45036","4566203","48.6","","","","","",""
"277","2022.01.21","9401888","2176","8247509","87.7","8320","8118261","86.3","79774","4519749","48.1","","","","","",""
"276","2022.01.20","9401888","1480","8244897","87.7","5848","8109394","86.3","51967","4438807","47.2","","","","","",""
"275","2022.01.19","9401888","1432","8243145","87.7","5744","8103195","86.2","36387","4385975","46.6","","","","","",""
"274","2022.01.18","9401888","1735","8241434","87.7","6488","8097109","86.1","44680","4349399","46.3","","","","","",""
"273","2022.01.17","9401888","2280","8239400","87.6","10094","8090244","86.0","70311","4304485","45.8","","","","","",""
"272","2022.01.16","9401888","118","8235941","87.6","577","8078945","85.9","3289","4233567","45.0","","","","","",""
"271","2022.01.15","9401888","1904","8235942","87.6","4587","8078465","85.9","53011","4230343","45.0","","","","","",""
"270","2022.01.14","9401888","3228","8234238","87.6","12951","8073652","85.9","93360","4175126","44.4","","","","","",""
"269","2022.01.13","9401888","2379","8230606","87.5","10320","8060382","85.7","60252","4080181","43.4","","","","","",""
"268","2022.01.12","9401888","2352","8227788","87.5","10888","8049504","85.6","46088","4019205","42.7","","","","","",""
"267","2022.01.11","9401888","2853","8225014","87.5","10733","8038001","85.5","55477","3972202","42.2","","","","","",""
"266","2022.01.10","9401888","3721","8221683","87.4","16667","8026621","85.4","77267","3915982","41.7","","","","","",""
"265","2022.01.09","9401888","144","8216392","87.4","788","8008287","85.2","2926","3837808","40.8","","","","","",""
"264","2022.01.08","9401888","2552","8216475","87.4","12017","8007678","85.2","64827","3835015","40.8","","","","","",""
"263","2022.01.07","9505868","642","8203031","86.3","685","7941012","83.5","5694","3385648","35.6","","","","","",""
"262","2022.01.06","9401888","2833","8209818","87.3","11544","7978639","84.9","64629","3664712","39.0","","","","","",""
"261","2022.01.05","9401888","2907","8206489","87.3","10284","7966424","84.7","54988","3598300","38.3","","","","","",""
"260","2022.01.04","9401888","3998","8202972","87.2","8510","7955403","84.6","60977","3540896","37.7","","","","","",""
"259","2022.01.03","9401888","6135","8198110","87.2","12197","7945831","84.5","87140","3477076","37.0","","","","","",""
"258","2022.01.02","9505868","321","8203299","86.3","367","7941336","83.5","3363","3389052","35.7","","","","","",""
"257","2022.01.01","9505868","642","8203031","86.3","685","7941012","83.5","5694","3385648","35.6","","","","","",""
"256","2021.12.31","9505868","8169","8202787","86.3","9119","7940669","83.5","124821","3375767","35.5","","","","","",""
"255","2021.12.30","9505868","6205","8193446","86.2","6787","7930253","83.4","89986","3246655","34.2","","","","","",""
"254","2021.12.29","9505868","6433","8186171","86.1","6829","7922272","83.3","89704","3152648","33.2","","","","","",""
"253","2021.12.29","9505868","6433","8186171","86.1","6829","7922272","83.3","89704","3152648","64.5","","","","","",""
"252","2021.12.28","9505868","6756","8178419","86.0","6998","7914050","83.3","101467","3058227","62.5","","","","","",""
"251","2021.12.27","9505868","10909","8170476","86.0","11292","7905709","83.2","133528","2951272","60.4","","","","","",""
"250","2021.12.26","9505868","588","8157184","85.8","302","7891991","83.0","4917","2816539","57.6","","","","","",""
"249","2021.12.25","9505868","1311","8156579","85.8","760","7891675","83.0","9140","2811221","57.5","","","","","",""
"248","2021.12.24","9505868","12005","8155785","85.8","7438","7891397","83.0","136599","2799633","57.3","","","","","",""
"247","2021.12.23","9505868","10829","8142518","85.7","5278","7882655","82.9","96847","2658645","53.9","","","","","",""
"246","2021.12.22","9505868","12530","8130240","85.5","5940","7875779","82.9","103929","2556957","51.9","","","","","",""
"245","2021.12.21","9505868","11585","8116142","85.4","6111","7868214","82.8","115229","2448022","49.6","","","","","",""
"244","2021.12.20","9505868","18242","8102651","85.2","9111","7860254","82.7","151971","2326441","47.2","","","","","",""
"243","2021.12.19","9505868","1092","8081511","85.0","327","7848156","82.6","6576","2173116","44.1","","","","","",""
"242","2021.12.18","9505868","12231","8081114","85.0","7185","7848461","82.6","110052","2166369","43.9","","","","","",""
"241","2021.12.17","9505868","16484","8068292","84.9","12303","7840748","82.5","213984","2048239","41.5","","","","","",""
"240","2021.12.16","9505868","13183","8049235","84.7","8643","7825944","82.3","160375","1828394","37.1","","","","","",""
"239","2021.12.15","9505868","11851","8034078","84.5","7820","7815332","82.2","170057","1663071","17.5","","","","","",""
"238","2021.12.14","9505868","11156","8008859","84.3","10094","7795782","82.0","143908","1344229","14.1","","","","","",""
"237","2021.12.13","9505868","11156","8008859","84.3","10094","7795782","82.0","143908","1344229","14.1","","","","","",""
"236","2021.12.12","9505868","304","7994449","84.1","284","7782371","81.9","1826","1199359","12.6","","","","","",""
"235","2021.12.11","9505868","4597","7994240","84.1","6048","7782165","81.9","59658","1197488","12.6","","","","","",""
"234","2021.12.10","9505868","7970","7989408","84.0","11764","7775785","81.8","144509","1134791","11.9","","","","","",""
"233","2021.12.09","9505868","6632","7978215","83.9","7730","7760751","81.6","82159","988855","10.4","","","","","",""
"232","2021.12.08","9505868","6644","7970030","83.8","7177","7751421","81.5","54764","905390","9.5","","","","","",""
"231","2021.12.07","9505868","6319","7962979","83.8","6866","7743802","81.5","54225","849830","8.9","","","","","",""
"230","2021.12.06","9505868","9131","7955953","83.7","11854","7736180","81.4","62802","794615","8.4","","","","","",""
"229","2021.12.05","9505868","346","7945695","83.6","400","7723156","81.2","961","731310","7.7","","","","","",""
"228","2021.12.04","9505868","4416","7945451","83.6","9250","7722859","81.2","21998","730357","7.7","","","","","",""
"227","2021.12.03","9505868","6418","7940840","83.5","14436","7713303","81.1","56517","707480","7.4","","","","","",""
"226","2021.12.02","9505868","3613","7933770","83.5","8315","7698119","81.0","34397","649999","6.8","","","","","",""
"225","2021.12.01","9505868","3716","7929739","83.4","9409","7689314","80.9","28638","614720","6.5","","","","","",""
"224","2021.11.30","9505868","3553","7925505","83.4","8131","7679279","80.8","31654","584975","6.2","","","","","",""
"223","2021.11.29","9505868","5440","7921614","83.3","18437","7670805","80.7","35757","552580","5.8","","","","","",""
"222","2021.11.28","9505868","167","7915339","83.3","325","7651555","80.5","608","515771","5.4","","","","","",""
"221","2021.11.27","9505868","5667","7915298","83.3","7969","7651294","80.5","14990","515111","5.4","","","","","",""
"220","2021.11.26","9505868","8474","7909670","83.2","14197","7643078","80.4","52625","498855","5.2","","","","","",""
"219","2021.11.25","9505868","6294","7900655","83.1","10593","7628192","80.2","32819","444766","4.7","","","","","",""
"218","2021.11.24","9505868","6341","7893987","83.0","9394","7617213","80.1","23252","411051","4.3","","","","","",""
"217","2021.11.23","9505868","4686","7887218","83.0","7636","7607270","80.0","21942","386645","4.1","","","","","",""
"216","2021.11.22","9505868","8463","7882008","82.9","15724","7598973","79.9","30263","363544","3.8","","","","","",""
"215","2021.11.21","9505868","254","7872641","82.8","439","7582301","79.8","241","332502","3.5","","","","","",""
"214","2021.11.20","9505868","4740","7872544","82.8","7156","7581985","79.8","7994","332199","3.5","","","","","",""
"213","2021.11.19","9505868","7716","7867795","82.8","12740","7574735","79.7","25315","323826","3.4","","","","","",""
"212","2021.11.18","9505868","6669","7859506","82.7","9520","7561352","79.5","21146","297631","3.1","","","","","",""
"211","2021.11.17","9505868","6446","7852307","82.6","10630","7551221","79.4","19440","275434","2.9","","","","","",""
"210","2021.11.16","9505868","5818","7845313","82.5","8581","7539835","79.3","20109","255205","2.7","","","","","",""
"209","2021.11.15","9505868","11416","7838934","82.5","15826","7530510","79.2","26835","234489","2.5","","","","","",""
"208","2021.11.14","9505868","385","7826385","82.3","633","7513491","79.0","427","207356","2.2","","","","","",""
"207","2021.11.13","9505868","9722","7826117","82.3","17188","7512903","79","10544","206938","2.2","","","","","",""
"206","2021.11.12","9505868","12490","7816790","82.2","24597","7495966","78.9","26844","196327","2.1","","","","","",""
"205","2021.11.11","9505868","8884","7803662","82.1","17499","7470547","78.6","21107","168994","1.8","","","","","",""
"204","2021.11.10","9505868","9660","7794346","82","16703","7452506","78.4","16814","147592","1.6","","","","","",""
"203","2021.11.09","9505868","7908","7784148","81.9","20879","7435187","78.2","19443","130550","1.4","","","","","",""
"202","2021.11.08","9505868","18886","7775901","81.8","28901","7413617","78","41421","110812","1.2","","","","","",""
"201","2021.11.07","9505868","426","7755977","81.6","708","7383658","77.7","119","69107","0.7","","","","","",""
"200","2021.11.06","9505868","7886","7755658","81.6","11462","7383008","77.7","4727","68991","0.7","","","","","",""
"199","2021.11.05","9505868","11410","7747766","81.5","26464","7371157","77.5","11236","64067","0.7","","","","","",""
"198","2021.11.04","9505868","9229","7735719","81.4","23853","7343803","77.3","8286","52685","0.6","","","","","",""
"197","2021.11.03","9505868","9965","7725945","81.3","13797","7319309","77.0","10681","44234","0.5","","","","","",""
"196","2021.11.02","9505868","7956","7715781","81.2","15585","7305236","76.8","11133","33357","0.4","","","","","",""
"195","2021.11.01","9505868","14487","7706849","81.1","22876","7288535","76.7","6722","22095","0.2","","","","","",""
"194","2021.10.31","9505868","590","7691201","80.9","3541","7264156","76.4","35","15305","0.2","","","","","",""
"193","2021.10.30","9505868","6786","7690845","80.9","62186","7260745","76.4","607","15271","0.2","","","","","",""
"192","2021.10.29","9505868","10066","7684177","80.8","119127","7197005","75.7","1561","14661","0.2","","","","","",""
"191","2021.10.28","9505868","9889","7673374","80.7","118168","7075798","74.4","1313","13037","","","","","","",""
"190","2021.10.27","9505868","12513","7662842","80.6","45454","6956701","73.2","1933","11665","","","","","","",""
"189","2021.10.26","9505868","8093","7649640","80.5","51562","6910102","72.7","1799","9629","","","","","","",""
"188","2021.10.25","9505868","14534","7641054","80.4","81910","6857140","72.1","1520","7822","","","","","","",""
"187","2021.10.24","9505868","615","7625652","80.2","3029","6774072","71.3","1","6292","","","","","","",""
"186","2021.10.23","9505868","9514","7625324","80.2","64412","6771114","71.2","51","6292","","","","","","",""
"185","2021.10.22","9505868","11081","7615645","80.1","120508","6704753","70.5","1552","6234","","","","","","",""
"184","2021.10.21","9505868","8935","7604057","80.0","90087","6583050","69.3","1346","4434","","","","","","",""
"183","2021.10.20","9505868","10388","7594490","79.9","66373","6491721","68.3","829","3083","","","","","","",""
"182","2021.10.19","9505868","7074","7583569","79.8","93332","6423946","67.6","580","2218","","","","","","",""
"181","2021.10.18","9505868","12809","7576118","79.7","133852","6329932","66.6","612","1625","","","","","","",""
"180","2021.10.17","9505868","395","7562468","79.6","3619","6194826","65.2","0","953","","","","","","",""
"179","2021.10.16","9505868","10673","7562283","79.6","66910","6191341","65.1","10","953","","","","","","",""
"178","2021.10.15","9505868","14556","7551829","79.4","133580","6124432","64.4","319","929","","","","","","",""
"177","2021.10.14","9505868","9609","7536654","79.3","94569","5989111","63.0","159","488","","","","","","",""
"176","2021.10.13","9505868","9804","7526430","79.2","77503","5893191","62.0","202","280","","","","","","",""
"175","2021.10.12","9505868","17274","7516070","79.1","110204","5814018","61.2","","","","","","","","",""
"174","2021.10.11","9505868","16395","7497044","78.9","28099","5701291","60.0","","","","","","","","",""
"173","2021.10.10","9505868","330","7480597","78.7","3236","5673019","59.6","","","","","","","","",""
"172","2021.10.09","9505868","1373","7480266","78.7","15337","5669744","59.6","","","","","","","","",""
"171","2021.10.08","9505868","6847","7479069","78.6","200186","5654619","59.4","","","","","","","","",""
"170","2021.10.07","9505868","5982","7471415","78.6","138375","5353493","57.4","","","","","","","","",""
"169","2021.10.06","9505868","6247","7464613","78.5","95261","5314014","55.9","","","","","","","","",""
"168","2021.10.05","9505868","7737","7458216","78.5","146444","5218486","54.9","","","","","","","","",""
"167","2021.10.04","9505868","4727","7450028","78.4","41561","5071302","53.3","","","","","","","","",""
"166","2021.10.03","9505868","637","7445243","78.3","6422","5029684","52.9","","","","","","","","",""
"165","2021.10.02","9505868","21915","7444944","78.3","80525","5023350","52.8","","","","","","","","",""
"164","2021.10.01","9505868","41307","7423508","78.1","156636","4942880","52.0","","","","","","","","",""
"163","2021.09.30","9505868","67946","7382559","77.7","104742","4786032","50.3","","","","","","","","",""
"162","2021.09.29","9505868","40336","7314953","77.0","105746","4681112","49.2","","","","","","","","",""
"161","2021.09.28","9505868","47035","7274915","76.5","132787","4575154","48.1","","","","","","","","",""
"160","2021.09.27","9505868","78584","7228337","76.0","139274","4442337","46.7","","","","","","","","",""
"159","2021.09.26","9505868","4382","7149465","75.2","5363","4302483","45.3","","","","","","","","",""
"158","2021.09.25","9505868","58203","7145818","75.2","46721","4297136","45.2","","","","","","","","",""
"157","2021.09.24","9505868","111184","7087986","74.6","84966","4250234","44.7","","","","","","","","",""
"156","2021.09.23","9505868","107196","6976646","73.4","80540","4164701","43.8","","","","","","","","",""
"155","2021.09.22","9575355","5543","6869476","71.7","4188","4083668","42.6","","","","","","","","",""
"154","2021.09.21","9575355","1751","6864518","71.7","1378","4079491","42.6","","","","","","","","",""
"153","2021.09.20","9575355","4388","6861616","71.7","2230","4076910","42.6","","","","","","","","",""
"152","2021.09.19","9575355","3742","6857961","71.6","5585","4074327","42.6","","","","","","","","",""
"151","2021.09.18","9575355","71862","6829542","71.3","39944","4074223","42.5","","","","","","","","",""
"150","2021.09.17","9575355","123931","6757122","70.6","81868","4034022","42.1","","","","","","","","",""
"149","2021.09.16","9575355","88625","6632640","69.3","51260","3951930","41.3","","","","","","","","",""
"148","2021.09.15","9575355","75242","6541079","68.3","68849","3898145","40.7","","","","","","","","",""
"147","2021.09.14","9575355","121040","6461888","67.4","35198","3825878","39.9","","","","","","","","",""
"146","2021.09.13","9575355","169036","6340285","64.4","68468","3790493","38.9","","","","","","","","",""
"145","2021.09.12","9575355","3546","6171056","64.4","4917","3721786","38.9","","","","","","","","",""
"144","2021.09.11","9575355","60926","6167426","64.4","40766","3716811","38.8","","","","","","","","",""
"143","2021.09.10","9575355","123400","6105756","63.8","72243","3675621","38.4","","","","","","","","",""
"142","2021.09.09","9575355","91416","5981858","62.5","50641","3603102","37.6","","","","","","","","",""
"141","2021.09.08","9575355","73677","5890223","61.5","54596","3552387","37.1","","","","","","","","",""
"140","2021.09.07","9575355","111410","5816238","60.7","80167","3497620","36.5","","","","","","","","",""
"139","2021.09.06","9575355","145248","5704290","59.6","116052","3417102","35.7","","","","","","","","",""
"138","2021.09.05","9575355","1388","5558869","58.1","1580","3300807","34.5","","","","","","","","",""
"137","2021.09.04","9575355","22326","5557393","58.0","42787","3299212","34.5","","","","","","","","",""
"136","2021.09.03","9575355","45045","5534916","57.8","113133","3256323","34.1","","","","","","","","",""
"135","2021.09.02","9575355","39320","5489715","57.3","88297","3142962","32.8","","","","","","","","",""
"134","2021.09.01","9575355","34235","5450266","56.9","94420","3054297","31.9","","","","","","","","",""
"133","2021.08.31","9575355","51342","5415837","56.6","95981","2959659","30.9","","","","","","","","",""
"132","2021.08.30","9575355","83424","5364255","56.0","107394","2863236","29.9","","","","","","","","",""
"131","2021.08.29","9575355","2697","5280462","55.1","2921","2755524","28.8","","","","","","","","",""
"130","2021.08.28","9575355","51398","5276953","55.1","50134","2752565","28.7","","","","","","","","",""
"129","2021.08.27","9575355","110086","5224286","54.6","101098","2702208","28.2","","","","","","","","",""
"128","2021.08.26","9575355","126823","5111802","53.4","71032","2599571","27.1","","","","","","","","",""
"127","2021.08.25","9575355","63242","4994132","52.2","82944","2533738","26.5","","","","","","","","",""
"126","2021.08.24","9575355","71407","4929671","51.5","107587","2450543","25.6","","","","","","","","",""
"125","2021.08.23","9575355","74785","4856923","50.7","130725","2342494","24.5","","","","","","","","",""
"124","2021.08.22","9795426","7449","4780478","48.8","561","2210777","22.6","","","","","","","","",""
"123","2021.08.21","9575355","65430","4771762","49.8","26500","2210176","23.1","","","","","","","","",""
"122","2021.08.20","9575355","116425","4704843","49.1","66759","2183532","22.8","","","","","","","","",""
"121","2021.08.19","9575355","85052","4587049","47.9","57683","2116503","22.1","","","","","","","","",""
"120","2021.08.18","5762857","93303","4500520","78.1","62833","2058630","35.7","","","","","","","","",""
"119","2021.08.17","5503804","128626","4405330","80.0","94563","1995627","36.3","","","","","","","","",""
"118","2021.08.16","4915812","123845","4273365","86.9","51259","1900836","38.7","","","","","","","","",""
"117","2021.08.15","4802523","3875","4149042","86.4","1162","1849485","38.5","","","","","","","","",""
"116","2021.08.14","4802523","29755","4145096","86.3","39280","1848314","38.5","","","","","","","","",""
"115","2021.08.13","4788775","43931","4115097","85.9","121688","1808837","37.8","","","","","","","","",""
"114","2021.08.12","4737032","28270","4070622","85.9","135399","1686971","35.6","","","","","","","","",""
"113","2021.08.11","4774960","31041","4041944","84.6","35492","1551492","32.5","","","","","","","","",""
"112","2021.08.10","4419973","48625","4010500","90.7","34387","1515914","34.3","","","","","","","","",""
"111","2021.08.09","4419959","70831","3961449","89.6","35253","1481476","33.5","","","","","","","","",""
"110","2021.08.08","4364248","6105","3890343","89.1","106","1446195","33.1","","","","","","","","",""
"109","2021.08.07","4356536","23333","3884200","89.2","8911","1446093","33.2","","","","","","","","",""
"108","2021.08.06","4341693","41614","3860574","88.9","30152","1437142","33.1","","","","","","","","",""
"107","2021.08.05","4321444","31027","3818469","88.4","25819","1406907","32.6","","","","","","","","",""
"106","2021.08.04","4324428","26082","3787227","87.6","23102","1381042","31.9","","","","","","","","",""
"105","2021.08.03","4308530","35750","3760901","87.3","20557","1357865","31.5","","","","","","","","",""
"104","2021.08.02","4308673","77877","3724642","86.4","7123","1337105","31.0","","","","","","","","",""
"103","2021.08.01","3810055","5674","3646552","95.7","68","1329967","34.9","","","","","","","","",""
"102","2021.07.31","4170013","39795","3640808","87.3","4188","1329899","31.9","","","","","","","","",""
"101","2021.07.30","4164203","80425","3600688","86.4","13659","1325451","31.8","","","","","","","","",""
"100","2021.07.29","4164261","60488","3519568","84.5","7742","1310875","31.5","","","","","","","","",""
"99","2021.07.28","4137685","84052","3458804","83.6","8120","1302735","31.5","","","","","","","","",""
"98","2021.07.27","4150036","74786","3372307","81.2","9381","1293099","31.1","","","","","","","","",""
"97","2021.07.26","4058839","125490","3297521","81.2","14681","1283718","31.6","","","","","","","","",""
"96","2021.07.25","4065645","85","3168908","77.9","19","1268914","31.2","","","","","","","","",""
"95","2021.07.24","4065545","6610","3168820","77.9","2639","1268896","31.2","","","","","","","","",""
"94","2021.07.23","4065798","27951","3162205","77.8","10128","1266249","31.1","","","","","","","","",""
"93","2021.07.22","4046086","31573","3134191","77.5","8022","1254560","31","","","","","","","","",""
"92","2021.07.21","3943320","31192","3102494","78.7","6008","1245273","31.6","","","","","","","","",""
"91","2021.07.20","3939275","31212","3071180","78.0","8800","1237904","31.4","","","","","","","","",""
"90","2021.07.19","3939611","31651","3039867","77.2","9668","1226600","31.1","","","","","","","","",""
"89","2021.07.18","3939611","118","3008122","75.2","151","1216767","29.8","","","","","","","","",""
"88","2021.07.17","3955276","8953","3000991","76.1","7397","1216426","30.8","","","","","","","","",""
"87","2021.07.16","3950821","26086","2998367","75.8","27192","1203490","30.4","","","","","","","","",""
"86","2021.07.15","3950821","25026","2972281","75.2","20650","1176298","29.8","","","","","","","","",""
"85","2021.07.14","3911307","23553","2946540","75.3","18514","1152859","29.5","","","","","","","","",""
"84","2021.07.13","3726883","20140","2922594","78.4","16581","1130848","30.3","","","","","","","","",""
"83","2021.07.12","3514797","6195","2902429","82.6","13308","1110216","31.6","","","","","","","","",""
"82","2021.07.11","3528530","66","2896204","82.1","222","1096845","31.1","","","","","","","","",""
"81","2021.07.10","3537117","3864","2896137","81.9","8264","1096559","31.0","","","","","","","","",""
"80","2021.07.09","3538319","14064","2892191","81.7","20660","1083665","30.6","","","","","","","","",""
"79","2021.07.08","3546224","7439","2877851","81.2","13483","1058784","29.9","","","","","","","","",""
"78","2021.07.07","3545987","6871","2869885","80.9","11909","1041173","29.4","","","","","","","","",""
"77","2021.07.06","3551180","7703","2862693","80.6","12346","1025199","28.9","","","","","","","","",""
"76","2021.07.05","3496816","13454","2854873","81.6","9389","1008177","28.8","","","","","","","","",""
"75","2021.07.04","3421953","0","2841244","83","0","998134","29.2","","","","","","","","",""
"74","2021.07.03","3476510","696","2841238","81.7","4139","997938","28.7","","","","","","","","",""
"73","2021.07.02","3476385","1588","2840470","81.7","20529","989375","28.5","","","","","","","","",""
"72","2021.07.01","3420685","1642","2838855","83.0","18865","964356","28.2","","","","","","","","",""
"71","2021.06.30","3475794","3893","2837158","81.6","22749","941358","27.1","","","","","","","","",""
"70","2021.06.29","3496257","3321","2833050","81.0","22407","914519","26.2","","","","","","","","",""
"69","2021.06.28","3490157","3278","2829341","81.1","21853","887508","25.4","","","","","","","","",""
"68","2021.06.27","3484201","0","2825862","81.0","0","865395","24.8","","","","","","","","",""
"67","2021.06.26","3484201","2216","2825885","81.0","6655","865395","24.8","","","","","","","","",""
"66","2021.06.25","3484201","7635","2821282","81.0","22720","858697","24.6","","","","","","","","",""
"65","2021.06.24","3418720","6581","2811191","82.2","22040","835878","24.5","","","","","","","","",""
"64","2021.06.23","3470953","5777","2802006","80.7","22048","813666","23.4","","","","","","","","",""
"63","2021.06.22","3466857","6694","2792660","80.6","21120","791467","22.8","","","","","","","","",""
"62","2021.06.21","3510564","4973","2781609","80.4","21087","770137","21.9","","","","","","","","",""
"61","2021.06.20","3511095","66","2774797","79.0","65","747880","21.3","","","","","","","","",""
"60","2021.06.19","3511144","36213","2774543","79.0","7884","747652","21.3","","","","","","","","",""
"59","2021.06.18","3446554","90850","2732982","79.3","27755","739623","21.5","","","","","","","","",""
"58","2021.06.17","3430375","78339","2637993","76.9","25631","711572","20.7","","","","","","","","",""
"57","2021.06.16","3401641","112311","2554809","75.1","57409","685532","20.2","","","","","","","","",""
"56","2021.06.15","3391964","122487","2437954","71.9","37687","627708","18.5","","","","","","","","",""
"55","2021.06.14","3371856","145519","2309534","68.5","52848","589320","17.5","","","","","","","","",""
"54","2021.06.13","3364373","5702","2163259","64.3","2522","535930","15.9","","","","","","","","",""
"53","2021.06.12","3364288","82931","2157602","64.1","28724","533379","15.9","","","","","","","","",""
"52","2021.06.11","3353331","165265","2070561","61.7","55544","504526","15.0","","","","","","","","",""
"51","2021.06.10","3338670","148732","1900981","56.9","68440","448684","13.4","","","","","","","","",""
"50","2021.06.09","3102614","104841","1746392","56.2","3076","380200","12.3","","","","","","","","",""
"49","2021.06.08","3034302","131465","1636992","53.9","4672","377030","12.4","","","","","","","","",""
"48","2021.06.07","3018205","158842","1500832","49.7","5412","372339","12.3","","","","","","","","",""
"47","2021.06.06","2286469","463","1341990","58.7","0","366927","16.0","","","","","","","","",""
"46","2021.06.05","2282866","31613","1341398","58.8","1135","366926","16.1","","","","","","","","",""
"45","2021.06.04","2275616","76685","1309610","57.5","10339","365789","16.1","","","","","","","","",""
"44","2021.06.03","2265073","66402","1232478","54.4","8383","355399","15.7","","","","","","","","",""
"43","2021.06.02","2249314","73063","1165736","51.8","6277","346936","15.4","","","","","","","","",""
"42","2021.06.01","2231513","103600","1092306","48.9","7109","340624","15.3","","","","","","","","",""
"41","2021.05.31","2215425","75387","988327","44.6","8127","333469","15.1","","","","","","","","",""
"40","2021.05.30","2195709","950","912517","41.6","0","325079","14.8","","","","","","","","",""
"39","2021.05.29","2196518","33401","911559","41.5","3580","325079","14.8","","","","","","","","",""
"38","2021.05.28","2188641","104641","877710","40.1","17031","321446","14.7","","","","","","","","",""
"37","2021.05.27","2175217","122034","772541","35.5","13061","304336","14.0","","","","","","","","",""
"36","2021.05.26","1129593","10780","650432","57.6","16175","291118","25.8","","","","","","","","",""
"35","2021.05.25","1123393","7748","639483","56.9","21010","274749","24.5","","","","","","","","",""
"34","2021.05.24","1124159","7688","631695","56.2","21524","253528","22.6","","","","","","","","",""
"33","2021.05.23","1123388","0","623942","55.5","0","231821","20.6","","","","","","","","",""
"32","2021.05.22","1122778","2477","623941","55.6","4099","231820","20.6","","","","","","","","",""
"31","2021.05.21","1121838","2271","621463","55.4","28449","227493","20.3","","","","","","","","",""
"30","2021.05.20","1123023","2205","619017","55.1","22755","198625","17.7","","","","","","","","",""
"29","2021.05.19","1121981","14","616705","55.0","3724","175445","15.6","","","","","","","","",""
"28","2021.05.18","1120058","2983","616699","55.1","16649","171720","15.3","","","","","","","","",""
"27","2021.05.17","1122759","3197","613630","54.7","13074","154898","13.8","","","","","","","","",""
"26","2021.05.16","1119118","0","610403","54.5","0","141769","12.7","","","","","","","","",""
"25","2021.05.15","1118166","956","610338","54.6","3796","141769","12.7","","","","","","","","",""
"24","2021.05.14","1118491","3827","609382","54.1","12751","137973","11.2","","","","","","","","",""
"23","2021.05.13","1113909","3391","604185","54.2","12435","125220","11.2","","","","","","","","",""
"22","2021.05.12","1116796","2282","600548","53.8","13971","112781","10.1","","","","","","","","",""
"21","2021.05.11","1114297","2796","598266","53.7","13030","98810","8.9","","","","","","","","",""
"20","2021.05.10","1113580","3131","594975","53.4","12457","85775","7.7","","","","","","","","",""
"19","2021.05.09","1113434","0","591040","53.1","0","73295","6.6","","","","","","","","",""
"18","2021.05.08","1112095","2801","589744","53.0","1789","73003","6.6","","","","","","","","",""
"17","2021.05.07","1119900","17490","592073","52.9","11219","70926","6.3","","","","","","","","",""
"16","2021.05.06","1108162","11021","574583","51.9","11715","59707","5.4","","","","","","","","",""
"15","2021.05.05","1106344","1788","563044","50.9","1650","47940","4.3","","","","","","","","",""
"14","2021.05.04","1104738","18942","559605","50.6","4665","46290","4.1","","","","","","","","",""
"13","2021.05.03","1102593","19795","540404","49.0","5033","41624","3.8","","","","","","","","",""
"12","2021.05.02","1101302","82","520200","47.2","0","36591","3.3","","","","","","","","",""
"11","2021.05.01","1100067","8683","519845","47.2","691","36591","3.3","","","","","","","","",""
"10","2021.04.30","1096899","38789","511162","46.6","4280","35900","3.3","","","","","","","","",""
"9","2021.04.29","1084245","33484","472376","43.6","3921","31620","2.9","","","","","","","","",""
"8","2021.04.28","1088155","31795","438269","40.2","2062","27699","2.5","","","","","","","","",""
"7","2021.04.27","1080433","23973","403093","37.3","3721","25631","2.4","","","","","","","","",""
"6","2021.04.26","1079832","23323","379120","35.1","3411","21910","2","","","","","","","","",""
"5","2021.04.25","1023346","204","350631","34.2","0","18513","1.8","","","","","","","","",""
"4","2021.04.24","1023346","4663","350427","34.2","137","18513","1.8","","","","","","","","",""
"3","2021.04.23","1027740","28378","345764","33.6","2475","18376","1.8","","","","","","","","",""
"2","2021.04.22","1023538","22831","317386","31.0","2358","15901","1.6","","","","","","","","",""
"1","2021.04.21","1019322","20830","291857","28.6","25","13543","1.3","","","","","","","","",""